t,forecast_plan,forecast_acc,fact_plan,inflow_fact,inflow_norm,f30,int_veter,int_dev,int_plan,trains_added
2026-09-12 11:00:00,0.388,0.388,0.40756227786695215,7618.0,6646.768859254222,8275.0,180,180,180,0
2026-09-12 11:15:00,0.389,0.389,0.42373428437103955,7675.0,6576.986509025832,8003.0,180,180,180,0
2026-09-12 11:30:00,0.395,0.395,0.43008002055173095,8462.0,7234.787781031691,7796.0,180,180,180,0
2026-09-12 11:45:00,0.446,0.446,0.4552582008068737,8763.0,7434.898932421928,8634.0,180,180,180,0
2026-09-12 12:00:00,0.539,0.539,0.5337125319341954,8683.0,7327.146773981031,9084.0,189,189,189,0
2026-09-12 12:15:00,0.579,0.579,0.6457019491231377,9166.0,7505.7074936830895,9912.0,189,189,189,0
2026-09-12 12:30:00,0.476,0.476,0.8050807862892273,8933.0,7586.778165271955,9292.0,189,189,189,0
2026-09-12 12:45:00,0.538,0.538,0.957361072578862,10049.4,8053.7041851825115,9178.0,189,189,189,0
2026-09-12 13:00:00,0.824,0.824,1.0222832140786586,11823.4,8123.486535410902,12378.0,189,189,189,0
2026-09-12 13:15:00,1.032,1.032,1.0574432278677854,12751.0,7857.697877923356,14571.0,189,189,189,0
2026-09-12 13:30:00,1.231,1.108,1.0575128205111675,14272.199999999999,8823.36245976035,16027.0,178,178,189,7
2026-09-12 13:45:00,1.225,0.96,1.0038406112828098,14667.0,8768.973275023516,14832.0,178,178,189,15
2026-09-12 14:00:00,1.067,0.723,0.9863257587552898,13581.999999999998,8542.180636781246,15361.0,164,178,189,21
2026-09-12 14:15:00,1.01,0.634,0.9433078599804235,13897.199999999999,8782.314018449533,13681.0,134,178,189,21
2026-09-12 14:30:00,0.929,0.564,0.8343097157648423,14348.199999999999,9913.198576562572,14186.0,114,168,189,21
2026-09-12 14:45:00,0.902,0.55,0.7388759475998057,13569.6,8830.545936989743,14518.0,114,155,189,21
2026-09-12 15:00:00,0.899,0.551,0.6160484694248395,14625.400000000001,9864.96665802236,13978.0,110,124,180,21
2026-09-12 15:15:00,0.835,0.512,0.5282931933978968,13264.2,10277.503493196082,13259.0,110,110,180,21
2026-09-12 15:30:00,0.666,0.408,0.48668527654332544,12006.2,9758.240710614235,11912.0,110,110,180,21
2026-09-12 15:45:00,0.599,0.599,0.45175122583797017,11353.8,9655.619607337188,10743.0,180,180,180,0
2026-09-12 16:00:00,0.508,0.508,0.4536137383429215,9106.0,9188.693587426633,10198.0,180,180,180,0
2026-09-12 16:15:00,0.446,0.446,0.45229319558382913,9272.0,8651.985217287685,9605.0,180,180,180,0
2026-09-12 16:30:00,0.446,0.446,0.4516308834646162,10239.0,9187.667376393862,9546.0,180,180,180,0
2026-09-12 16:45:00,0.445,0.445,0.4556128111311532,9524.0,8916.747663742462,9474.0,180,180,180,0
2026-09-12 17:00:00,0.439,0.439,0.4439199193476599,9647.0,8706.374402024521,9666.0,180,180,180,0
2026-09-12 17:15:00,0.456,0.456,0.4712089325526732,9355.0,8829.519725956974,9486.0,180,180,180,0
2026-09-12 17:30:00,0.464,0.464,0.47300596510015935,10039.0,9007.054234626263,9235.0,180,180,180,0
2026-09-12 17:45:00,0.477,0.477,0.48550202916877866,9539.0,9102.491860673914,9986.0,180,180,180,0
2026-09-12 18:00:00,0.517,0.517,0.48658934920005303,9262.0,8572.966967764361,9614.0,189,189,189,0
